user_id,email,phone,conversion_at
u_1000,camila.nunes@gmail.com,+55 (40) 93452-3917,2023-10-15 16:00:00
u_1001,JULIA.SILVA@OUTLOOK.COM,+55 (60) 98988-2249,
u_1002,ana.souza@yahoo.com.br,+55 (35) 95581-2114,
u_1003,marcos.alves@uol.com.br,+55 (45) 91243-1305,2023-10-14 08:14:56
u_1004,bruna.oliveira@yahoo.com.br,+55 (36) 95098-3773,
u_1005,BRUNA.SILVA@GMAIL.COM,+55 (71) 92406-6760,2023-11-22 03:40:57
u_1006,carlos.oliveira@gmail.com,+55 (13) 90792-6578,
u_1007,julia.lima@uol.com.br,+55 (83) 92762-7711,2023-01-14 23:05:28
u_1008,JULIA.MENDES@HOTMAIL.COM,+55 (76) 91858-5103,2023-12-12 20:29:47
u_1009,MARCOS.SANTOS@HOTMAIL.COM,+55 (43) 98509-3366,
u_1010,patricia.mendes@gmail.com,+55 (64) 96160-5136,
u_1011,JULIA.PEREIRA@HOTMAIL.COM,+55 (11) 97592-2969,
u_1012,bruna.ferreira@uol.com.br,+55 (84) 91249-8863,
u_1013,roberto.lima@hotmail.com,+55 (59) 99997-6411,2023-06-13 02:32:54
u_1014,ana.silva@outlook.com,+55 (79) 95867-2221,2023-07-10 01:01:18
u_1015,MARCOS.LIMA@OUTLOOK.COM,+55 (87) 99428-8124,2023-01-05 20:52:19
u_1016,roberto.costa@hotmail.com,+55 (88) 98126-6858,2023-09-20 21:45:46
u_1017,bruna.silva@hotmail.com,+55 (63) 91089-5749,
u_1018,maria.alves@yahoo.com.br,+55 (18) 90577-4304,
u_1019,ana.souza@hotmail.com,+55 (49) 93942-2890,2023-09-27 05:13:13
u_1020,marcos.mendes@yahoo.com.br,+55 (83) 96328-8803,
u_1021,lucas.silva@uol.com.br,+55 (93) 90250-8286,2023-08-05 10:57:12
u_1022,ana.mendes@yahoo.com.br,+55 (26) 96495-9342,2023-11-24 20:26:06
u_1023,roberto.lima@hotmail.com,+55 (91) 95478-2752,
u_1024,ana.pereira@hotmail.com,+55 (43) 91293-7541,
u_1025,lucas.souza@hotmail.com,+55 (77) 99366-5563,2023-05-23 03:34:08
u_1026,maria.rodrigues@gmail.com,+55 (23) 97115-9424,
u_1027,carlos.nunes@outlook.com,+55 (77) 99009-5895,2023-01-18 22:38:13
u_1028,carlos.ferreira@uol.com.br,+55 (13) 92721-7819,2023-03-21 20:58:12
u_1029,maria.alves@gmail.com,+55 (84) 90442-2523,
u_1030,lucas.ferreira@outlook.com,+55 (27) 91340-3333,2023-07-17 15:52:03
u_1031,patricia.pereira@hotmail.com,+55 (69) 93096-4547,2023-02-14 21:04:24
u_1032,joao.mendes@hotmail.com,+55 (33) 97572-7176,
u_1033,pedro.alves@hotmail.com,+55 (72) 90804-2913,
u_1034,joao.nunes@outlook.com,+55 (74) 92221-1878,
u_1035,JOAO.SOUZA@UOL.COM.BR,+55 (66) 96779-8291,
u_1036,PEDRO.SANTOS@GMAIL.COM,+55 (90) 95490-3202,
u_1037,julia.mendes@uol.com.br,+55 (32) 91438-3721,2023-05-21 21:31:34
u_1038,lucas.pereira@gmail.com,+55 (97) 90883-5462,2023-07-03 17:21:55
u_1039,camila.lima@outlook.com,+55 (88) 94662-5180,
u_1040,carlos.pereira@gmail.com,+55 (70) 91631-6547,2023-09-18 07:22:38
u_1041,joao.ferreira@hotmail.com,+55 (35) 93713-9262,
u_1042,fernanda.rodrigues@outlook.com,+55 (43) 99051-1228,
u_1043,PEDRO.LIMA@UOL.COM.BR,+55 (22) 97246-2354,2023-02-17 10:52:38
u_1044,bruna.alves@uol.com.br,+55 (23) 98042-9956,
u_1045,julia.nunes@outlook.com,+55 (98) 99834-7874,2023-03-22 01:45:03
u_1046,joao.mendes@outlook.com,+55 (69) 98561-4067,2023-01-14 19:11:00
u_1047,joao.alves@yahoo.com.br,+55 (62) 98892-5333,
u_1048,LUCAS.SILVA@YAHOO.COM.BR,+55 (82) 99109-2691,2023-09-06 18:32:41
u_1049,julia.santos@yahoo.com.br,+55 (46) 97713-1584,
u_1050,maria.silva@gmail.com,+55 (41) 92640-2267,2023-06-07 20:27:11
u_1051,bruna.souza@hotmail.com,+55 (23) 97312-2800,
u_1052,RAFAEL.PEREIRA@OUTLOOK.COM,+55 (17) 94695-3061,
u_1053,ana.oliveira@outlook.com,+55 (51) 95656-1124,
u_1054,lucas.souza@outlook.com,+55 (92) 91720-5663,
u_1055,lucas.mendes@hotmail.com,+55 (56) 90930-6416,2023-06-21 02:17:38
u_1056,marcos.nunes@outlook.com,+55 (51) 97459-6881,2023-06-30 04:50:34
u_1057,roberto.lima@gmail.com,+55 (73) 90676-4580,2023-04-29 05:14:05
u_1058,fernanda.ferreira@yahoo.com.br,+55 (22) 93645-9053,
u_1059,julia.souza@gmail.com,+55 (92) 95606-7929,
u_1060,PATRICIA.LIMA@YAHOO.COM.BR,+55 (92) 92673-5131,2023-06-09 17:01:48
u_1061,maria.ferreira@gmail.com,+55 (38) 94213-6862,
u_1062,maria.ferreira@outlook.com,+55 (96) 90176-9916,
u_1063,lucas.silva@uol.com.br,+55 (80) 99505-6131,2023-02-02 17:28:01
u_1064,JULIA.FERREIRA@OUTLOOK.COM,+55 (92) 90068-3031,2023-05-20 05:21:24
u_1065,bruna.lima@yahoo.com.br,+55 (67) 97084-3438,2023-09-14 16:24:39
u_1066,camila.pereira@outlook.com,+55 (84) 90438-5262,2023-01-14 04:24:16
u_1067,lucas.santos@uol.com.br,+55 (99) 91658-7315,2023-07-21 21:30:22
u_1068,MARCOS.SOUZA@OUTLOOK.COM,+55 (94) 99179-5386,
u_1069,rafael.nunes@hotmail.com,+55 (14) 95607-7062,
u_1070,carlos.souza@outlook.com,+55 (78) 92121-2921,2023-08-24 13:03:44
u_1071,CAMILA.SILVA@OUTLOOK.COM,+55 (66) 98016-4659,2023-05-29 18:07:22
u_1072,julia.rodrigues@gmail.com,+55 (89) 94997-6766,
u_1073,lucas.lima@outlook.com,+55 (83) 98212-5368,
u_1074,julia.santos@gmail.com,+55 (79) 92864-1745,2023-08-22 13:15:42
u_1075,ROBERTO.FERREIRA@YAHOO.COM.BR,+55 (21) 96778-6061,2023-04-27 07:53:39
u_1076,patricia.ferreira@hotmail.com,+55 (76) 99592-1080,2023-08-01 13:51:13
u_1077,JOAO.SOUZA@UOL.COM.BR,+55 (77) 96208-3660,
u_1078,bruna.silva@uol.com.br,+55 (36) 93108-7702,
u_1079,patricia.santos@hotmail.com,+55 (20) 92704-2525,
u_1080,joao.santos@hotmail.com,+55 (40) 97219-1628,
u_1081,maria.costa@uol.com.br,+55 (58) 97064-6164,
u_1082,maria.lima@uol.com.br,+55 (63) 99818-3792,
u_1083,joao.nunes@outlook.com,+55 (73) 97106-9078,
u_1084,pedro.silva@hotmail.com,+55 (88) 99707-3114,2023-04-12 03:20:57
u_1085,joao.mendes@outlook.com,+55 (49) 96821-8454,
u_1086,rafael.oliveira@gmail.com,+55 (26) 98814-3079,
u_1087,julia.pereira@gmail.com,+55 (57) 91594-3179,
u_1088,bruna.lima@yahoo.com.br,+55 (21) 98094-4533,
u_1089,lucas.silva@gmail.com,+55 (96) 99036-5337,
u_1090,marcos.pereira@uol.com.br,+55 (48) 95498-8471,2023-04-11 09:48:17
u_1091,fernanda.oliveira@outlook.com,+55 (99) 91240-9956,
u_1092,marcos.mendes@gmail.com,+55 (58) 99116-5369,
u_1093,roberto.alves@outlook.com,+55 (16) 94620-9899,
u_1094,LUCAS.MENDES@UOL.COM.BR,+55 (49) 98455-6545,
u_1095,camila.nunes@uol.com.br,+55 (59) 95686-1472,2023-01-19 11:47:21
u_1096,ana.alves@uol.com.br,+55 (66) 92696-9166,
u_1097,maria.silva@outlook.com,+55 (40) 98136-3203,
u_1098,ana.lima@yahoo.com.br,+55 (19) 99588-2636,
u_1099,roberto.souza@gmail.com,+55 (11) 94432-6180,2023-07-07 19:47:16
u_1100,MARIA.ALVES@OUTLOOK.COM,+55 (86) 99313-6829,
u_1101,maria.nunes@hotmail.com,+55 (88) 95381-8380,
u_1102,bruna.santos@yahoo.com.br,+55 (54) 94788-8208,2023-02-27 14:04:08
u_1103,LUCAS.ALVES@GMAIL.COM,+55 (73) 99346-5511,2023-08-19 03:26:19
u_1104,maria.ferreira@outlook.com,+55 (99) 96594-6611,2023-07-30 12:50:55
u_1105,joao.silva@gmail.com,+55 (73) 90527-2718,
u_1106,CARLOS.PEREIRA@GMAIL.COM,+55 (83) 91223-1560,2023-12-09 03:45:57
u_1107,JOAO.ALVES@YAHOO.COM.BR,+55 (79) 98759-8256,
u_1108,lucas.souza@outlook.com,+55 (47) 90661-1280,
u_1109,rafael.oliveira@gmail.com,+55 (90) 97054-3599,
u_1110,RAFAEL.OLIVEIRA@UOL.COM.BR,+55 (89) 98668-1564,
u_1111,lucas.silva@yahoo.com.br,+55 (65) 92991-5337,
u_1112,LUCAS.MENDES@OUTLOOK.COM,+55 (41) 98288-1743,2023-11-09 05:38:15
u_1113,carlos.lima@gmail.com,+55 (85) 99846-3042,
u_1114,ROBERTO.PEREIRA@UOL.COM.BR,+55 (87) 92478-1157,
u_1115,bruna.rodrigues@yahoo.com.br,+55 (58) 99076-9893,
u_1116,fernanda.mendes@outlook.com,+55 (38) 93541-4708,2023-05-14 18:17:49
u_1117,carlos.lima@uol.com.br,+55 (31) 96605-8408,2023-09-12 19:00:02
u_1118,pedro.silva@uol.com.br,+55 (34) 91404-4579,2023-12-30 11:59:49
u_1119,julia.ferreira@outlook.com,+55 (60) 90263-3213,2023-04-14 20:05:36
u_1120,pedro.nunes@uol.com.br,+55 (73) 91505-8232,2023-03-23 11:19:04
u_1121,pedro.mendes@gmail.com,+55 (34) 99994-7343,
u_1122,lucas.alves@uol.com.br,+55 (61) 96310-5362,2023-07-20 22:52:11
u_1123,pedro.lima@gmail.com,+55 (71) 90476-3006,2023-06-11 23:03:10
u_1124,pedro.oliveira@yahoo.com.br,+55 (59) 97653-1592,2023-04-03 14:51:56
u_1125,lucas.silva@outlook.com,+55 (55) 93071-7621,
u_1126,BRUNA.LIMA@OUTLOOK.COM,+55 (60) 95738-5210,2023-08-18 06:46:19
u_1127,marcos.costa@outlook.com,+55 (62) 92392-5840,
u_1128,rafael.ferreira@outlook.com,+55 (27) 92329-9145,
u_1129,marcos.rodrigues@uol.com.br,+55 (23) 90338-2211,
u_1130,fernanda.silva@yahoo.com.br,+55 (79) 93446-8925,2023-11-23 00:15:53
u_1131,carlos.mendes@gmail.com,+55 (61) 91992-3167,
u_1132,bruna.oliveira@uol.com.br,+55 (11) 97052-5892,
u_1133,pedro.mendes@outlook.com,+55 (39) 97531-9197,2023-02-21 11:40:08
u_1134,fernanda.costa@uol.com.br,+55 (91) 93784-7776,2023-07-31 16:55:40
u_1135,lucas.souza@yahoo.com.br,+55 (90) 91004-2538,
u_1136,pedro.santos@uol.com.br,+55 (54) 98767-4147,
u_1137,lucas.ferreira@yahoo.com.br,+55 (91) 93135-6439,2023-04-12 02:06:27
u_1138,marcos.rodrigues@gmail.com,+55 (29) 96322-2020,2023-01-17 15:50:10
u_1139,fernanda.alves@gmail.com,+55 (44) 92671-7775,
u_1140,pedro.costa@uol.com.br,+55 (69) 94172-8872,
u_1141,fernanda.rodrigues@gmail.com,+55 (97) 93886-4072,
u_1142,ana.rodrigues@outlook.com,+55 (92) 91488-9261,
u_1143,julia.alves@gmail.com,+55 (74) 95605-5056,
u_1144,BRUNA.MENDES@YAHOO.COM.BR,+55 (26) 97839-4744,2023-07-30 10:14:36
u_1145,MARIA.COSTA@HOTMAIL.COM,+55 (99) 92086-9191,
u_1146,julia.nunes@outlook.com,+55 (73) 94768-4556,
u_1147,pedro.rodrigues@outlook.com,+55 (76) 94993-6195,2023-08-05 00:55:17
u_1148,lucas.lima@gmail.com,+55 (81) 93031-9258,2023-05-04 02:00:31
u_1149,pedro.souza@gmail.com,+55 (25) 91035-9608,
u_1150,julia.santos@outlook.com,+55 (73) 98573-4322,2023-08-12 17:38:20
u_1151,bruna.souza@hotmail.com,+55 (82) 99341-4878,2023-11-01 23:59:46
u_1152,rafael.nunes@hotmail.com,+55 (90) 91234-4774,2023-09-10 18:46:15
u_1153,carlos.santos@hotmail.com,+55 (99) 98771-2485,
u_1154,carlos.silva@hotmail.com,+55 (93) 90124-9491,2023-07-12 04:01:48
u_1155,fernanda.mendes@gmail.com,+55 (55) 97746-3016,2023-02-27 06:42:45
u_1156,MARCOS.FERREIRA@OUTLOOK.COM,+55 (97) 98299-4572,
u_1157,lucas.ferreira@outlook.com,+55 (19) 98932-6397,
u_1158,maria.souza@outlook.com,+55 (43) 94395-8313,
u_1159,LUCAS.MENDES@OUTLOOK.COM,+55 (35) 92754-8720,
u_1160,camila.alves@gmail.com,+55 (40) 93585-4656,2023-04-03 02:40:41
u_1161,joao.lima@uol.com.br,+55 (20) 90162-9783,
u_1162,carlos.oliveira@uol.com.br,+55 (27) 96360-2983,
u_1163,carlos.souza@hotmail.com,+55 (11) 96749-5176,
u_1164,maria.mendes@gmail.com,+55 (47) 91882-1353,
u_1165,pedro.alves@yahoo.com.br,+55 (50) 96037-5195,2023-02-27 01:10:08
u_1166,marcos.santos@hotmail.com,+55 (94) 90654-6427,2023-06-13 10:36:18
u_1167,maria.silva@outlook.com,+55 (49) 93599-7674,
u_1168,FERNANDA.MENDES@YAHOO.COM.BR,+55 (24) 95669-4966,
u_1169,PEDRO.NUNES@OUTLOOK.COM,+55 (17) 92389-6043,
u_1170,ana.souza@hotmail.com,+55 (69) 98896-2230,2023-10-17 09:12:58
u_1171,bruna.rodrigues@outlook.com,+55 (70) 97211-2279,2023-08-17 03:56:26
u_1172,camila.nunes@uol.com.br,+55 (20) 97130-9406,
u_1173,julia.mendes@outlook.com,+55 (33) 98676-2117,
u_1174,carlos.ferreira@gmail.com,+55 (39) 99187-3097,
u_1175,roberto.rodrigues@gmail.com,+55 (50) 92364-7109,
u_1176,julia.pereira@outlook.com,+55 (66) 99132-6109,2023-09-18 23:25:39
u_1177,RAFAEL.SOUZA@GMAIL.COM,+55 (96) 98225-9214,2023-06-14 20:06:33
u_1178,pedro.pereira@gmail.com,+55 (13) 95677-7995,2023-11-20 01:23:44
u_1179,julia.costa@outlook.com,+55 (31) 91933-7005,2023-07-09 03:45:16
u_1180,maria.alves@uol.com.br,+55 (19) 97859-2967,
u_1181,roberto.nunes@hotmail.com,+55 (91) 94787-6188,2023-01-21 14:20:52
u_1182,camila.alves@outlook.com,+55 (41) 95738-8041,
u_1183,maria.mendes@gmail.com,+55 (80) 99139-4396,
u_1184,fernanda.alves@hotmail.com,+55 (52) 90193-6210,
u_1185,JOAO.SILVA@OUTLOOK.COM,+55 (67) 99723-2788,
u_1186,marcos.lima@yahoo.com.br,+55 (67) 93280-9615,2023-05-19 05:49:17
u_1187,camila.pereira@uol.com.br,+55 (74) 90993-1422,
u_1188,camila.alves@outlook.com,+55 (64) 92518-9029,
u_1189,pedro.mendes@yahoo.com.br,+55 (42) 93933-4567,
u_1190,JULIA.PEREIRA@HOTMAIL.COM,+55 (25) 94604-1138,
u_1191,julia.ferreira@yahoo.com.br,+55 (46) 91546-7292,
u_1192,pedro.mendes@gmail.com,+55 (39) 90100-7260,
u_1193,lucas.rodrigues@uol.com.br,+55 (39) 97818-8966,
u_1194,rafael.pereira@uol.com.br,+55 (82) 92161-4638,
u_1195,maria.silva@yahoo.com.br,+55 (84) 93749-1341,2023-09-29 13:07:06
u_1196,ana.oliveira@yahoo.com.br,+55 (16) 90958-9970,2023-06-19 16:32:02
u_1197,maria.ferreira@hotmail.com,+55 (58) 95459-5788,2023-05-24 07:07:48
u_1198,ANA.NUNES@GMAIL.COM,+55 (32) 94510-7804,2023-12-09 10:21:37
u_1199,rafael.rodrigues@uol.com.br,+55 (79) 93345-2255,
u_1200,fernanda.lima@outlook.com,+55 (46) 94134-5535,
u_1201,lucas.souza@gmail.com,+55 (81) 95176-8479,
u_1202,patricia.lima@hotmail.com,+55 (70) 95275-2658,
u_1203,ROBERTO.SOUZA@HOTMAIL.COM,+55 (82) 90098-6420,
u_1204,maria.santos@yahoo.com.br,+55 (46) 92564-3880,2023-08-25 20:36:35
u_1205,lucas.pereira@outlook.com,+55 (61) 97259-3409,2023-04-18 06:02:33
u_1206,joao.ferreira@hotmail.com,+55 (81) 94699-6836,2023-07-08 06:22:27
u_1207,lucas.mendes@yahoo.com.br,+55 (43) 90774-9672,2023-10-08 23:06:15
u_1208,lucas.nunes@outlook.com,+55 (99) 91215-8861,
u_1209,julia.alves@yahoo.com.br,+55 (62) 92353-6356,2023-08-16 14:26:16
u_1210,joao.rodrigues@outlook.com,+55 (15) 96280-1713,2023-04-14 01:39:26
u_1211,lucas.rodrigues@outlook.com,+55 (23) 93773-2138,2023-12-01 14:29:50
u_1212,camila.rodrigues@hotmail.com,+55 (43) 90198-9708,2023-02-21 23:08:29
u_1213,rafael.pereira@hotmail.com,+55 (74) 94237-3707,
u_1214,ROBERTO.SANTOS@UOL.COM.BR,+55 (41) 91013-5993,2023-03-26 23:55:43
u_1215,julia.ferreira@uol.com.br,+55 (27) 90842-2408,
u_1216,MARCOS.OLIVEIRA@OUTLOOK.COM,+55 (57) 92927-2012,2023-12-15 04:45:34
u_1217,bruna.souza@gmail.com,+55 (45) 90773-1067,
u_1218,roberto.lima@yahoo.com.br,+55 (29) 91458-9550,2023-09-17 17:57:35
u_1219,BRUNA.MENDES@GMAIL.COM,+55 (11) 94738-9272,
u_1220,JULIA.MENDES@YAHOO.COM.BR,+55 (53) 91078-2241,2023-11-28 02:55:50
u_1221,carlos.alves@hotmail.com,+55 (24) 96529-2447,
u_1222,CAMILA.FERREIRA@OUTLOOK.COM,+55 (56) 93199-6356,2023-04-03 20:02:31
u_1223,ROBERTO.SANTOS@OUTLOOK.COM,+55 (83) 93950-6934,2023-10-23 18:14:53
u_1224,roberto.costa@uol.com.br,+55 (78) 92543-1369,2023-01-08 20:55:05
u_1225,ANA.SOUZA@HOTMAIL.COM,+55 (94) 96793-9994,2023-10-29 18:39:42
u_1226,joao.souza@gmail.com,+55 (43) 90629-1575,2023-06-06 20:22:46
u_1227,carlos.alves@outlook.com,+55 (22) 98006-3780,
u_1228,maria.oliveira@hotmail.com,+55 (40) 96582-2375,2023-07-19 03:19:32
u_1229,JULIA.COSTA@GMAIL.COM,+55 (66) 96129-3025,2023-01-02 18:22:00
u_1230,PATRICIA.LIMA@UOL.COM.BR,+55 (26) 90707-9824,2023-08-29 05:14:58
u_1231,ana.rodrigues@uol.com.br,+55 (11) 92004-4387,
u_1232,roberto.nunes@gmail.com,+55 (39) 92328-4647,2023-11-23 23:16:40
u_1233,fernanda.mendes@uol.com.br,+55 (69) 98014-3961,
u_1234,camila.pereira@outlook.com,+55 (96) 96359-8147,2023-03-09 18:50:58
u_1235,CARLOS.SILVA@OUTLOOK.COM,+55 (97) 94701-9983,2023-10-08 11:19:46
u_1236,bruna.lima@hotmail.com,+55 (38) 91284-3301,
u_1237,carlos.pereira@yahoo.com.br,+55 (43) 92186-8160,
u_1238,MARCOS.SILVA@YAHOO.COM.BR,+55 (11) 94264-6718,2023-11-04 04:22:36
u_1239,lucas.ferreira@uol.com.br,+55 (14) 95021-7884,
u_1240,lucas.silva@yahoo.com.br,+55 (69) 96118-7364,
u_1241,carlos.silva@uol.com.br,+55 (23) 94355-7210,
u_1242,bruna.silva@outlook.com,+55 (74) 95204-5575,
u_1243,ana.ferreira@yahoo.com.br,+55 (39) 95362-9610,2023-10-24 13:28:58
u_1244,carlos.costa@yahoo.com.br,+55 (21) 91409-9502,2023-05-03 00:25:02
u_1245,pedro.nunes@gmail.com,+55 (17) 92331-9054,2023-04-11 14:11:34
u_1246,patricia.ferreira@outlook.com,+55 (95) 97468-8115,
u_1247,lucas.santos@outlook.com,+55 (79) 94000-6088,
u_1248,pedro.costa@gmail.com,+55 (77) 92195-5181,2023-02-18 14:46:53
u_1249,bruna.ferreira@gmail.com,+55 (22) 94283-3291,
u_1250,maria.ferreira@outlook.com,+55 (51) 99222-4233,
u_1251,marcos.alves@outlook.com,+55 (66) 98792-4395,2023-05-20 14:56:54
u_1252,joao.alves@yahoo.com.br,+55 (58) 99143-5492,
u_1253,camila.oliveira@hotmail.com,+55 (26) 94545-3672,2023-10-02 14:44:48
u_1254,bruna.lima@gmail.com,+55 (70) 95134-6825,2023-11-04 14:51:09
u_1255,marcos.lima@uol.com.br,+55 (71) 96544-4190,2023-10-24 10:49:27
u_1256,maria.alves@outlook.com,+55 (38) 93023-3521,2023-09-05 09:25:08
u_1257,JOAO.PEREIRA@GMAIL.COM,+55 (18) 97778-3458,
u_1258,rafael.rodrigues@gmail.com,+55 (65) 96417-4787,
u_1259,carlos.costa@uol.com.br,+55 (73) 92595-1823,2023-07-03 07:56:30
u_1260,bruna.lima@uol.com.br,+55 (61) 98465-6855,
u_1261,camila.mendes@hotmail.com,+55 (82) 96548-8006,
u_1262,pedro.alves@uol.com.br,+55 (40) 98709-9158,
u_1263,rafael.alves@uol.com.br,+55 (84) 92610-9440,2023-05-26 01:53:20
u_1264,pedro.santos@gmail.com,+55 (82) 94584-4484,2023-04-03 23:51:26
u_1265,pedro.silva@gmail.com,+55 (55) 91816-2603,2023-01-12 08:04:05
u_1266,pedro.rodrigues@hotmail.com,+55 (13) 90862-7623,
u_1267,marcos.rodrigues@outlook.com,+55 (19) 96321-1799,
u_1268,bruna.ferreira@outlook.com,+55 (91) 94111-9079,2023-02-11 14:33:10
u_1269,CAMILA.OLIVEIRA@GMAIL.COM,+55 (68) 93631-8671,2023-05-27 11:45:31
u_1270,bruna.lima@uol.com.br,+55 (17) 92982-9239,
u_1271,maria.alves@hotmail.com,+55 (78) 96345-3635,
u_1272,ana.silva@yahoo.com.br,+55 (69) 93590-6447,2023-06-15 22:28:58
u_1273,marcos.costa@outlook.com,+55 (70) 92540-3296,2023-08-02 18:49:07
u_1274,lucas.mendes@gmail.com,+55 (46) 91606-8676,
u_1275,CAMILA.RODRIGUES@GMAIL.COM,+55 (75) 96597-9217,
u_1276,camila.oliveira@gmail.com,+55 (53) 90463-2795,2023-08-22 16:38:33
u_1277,bruna.lima@outlook.com,+55 (48) 92101-8020,
u_1278,MARCOS.ALVES@OUTLOOK.COM,+55 (89) 99788-1178,2023-08-17 02:30:27
u_1279,JULIA.SOUZA@UOL.COM.BR,+55 (84) 97024-6464,2023-12-22 20:35:59
u_1280,MARCOS.SOUZA@YAHOO.COM.BR,+55 (93) 96159-1793,
u_1281,roberto.mendes@hotmail.com,+55 (14) 94335-1347,
u_1282,camila.oliveira@uol.com.br,+55 (38) 99622-2794,
u_1283,lucas.pereira@hotmail.com,+55 (23) 97185-7044,
u_1284,patricia.lima@outlook.com,+55 (14) 98704-7319,2023-07-28 05:46:23
u_1285,BRUNA.ALVES@HOTMAIL.COM,+55 (83) 97615-3326,2023-01-23 02:29:58
u_1286,pedro.santos@gmail.com,+55 (23) 92254-7603,
u_1287,joao.silva@hotmail.com,+55 (13) 92998-7706,
u_1288,MARIA.PEREIRA@UOL.COM.BR,+55 (96) 94529-5369,
u_1289,ana.lima@yahoo.com.br,+55 (57) 95124-5834,
u_1290,carlos.ferreira@yahoo.com.br,+55 (29) 96784-5644,
u_1291,BRUNA.SANTOS@OUTLOOK.COM,+55 (29) 99078-6465,
u_1292,fernanda.ferreira@outlook.com,+55 (46) 96941-3187,
u_1293,lucas.nunes@hotmail.com,+55 (26) 99656-8716,
u_1294,joao.souza@uol.com.br,+55 (19) 98447-2549,2023-03-08 04:59:53
u_1295,maria.rodrigues@uol.com.br,+55 (17) 99314-4886,
u_1296,rafael.alves@gmail.com,+55 (66) 99239-3193,2023-04-06 20:20:15
u_1297,roberto.alves@yahoo.com.br,+55 (83) 99368-2115,
u_1298,maria.silva@gmail.com,+55 (91) 99867-1424,
u_1299,camila.nunes@uol.com.br,+55 (21) 91737-4488,
u_1300,joao.mendes@hotmail.com,+55 (76) 97603-8637,2023-09-16 13:45:52
u_1301,rafael.lima@yahoo.com.br,+55 (56) 91377-2074,
u_1302,ana.ferreira@hotmail.com,+55 (32) 98107-4345,
u_1303,rafael.mendes@hotmail.com,+55 (97) 96573-8162,
u_1304,roberto.oliveira@uol.com.br,+55 (85) 97608-4877,
u_1305,lucas.silva@uol.com.br,+55 (96) 98583-2811,2023-09-15 02:24:49
u_1306,joao.costa@hotmail.com,+55 (77) 90514-9662,2023-02-06 04:01:14
u_1307,patricia.alves@gmail.com,+55 (57) 99745-7823,
u_1308,carlos.souza@yahoo.com.br,+55 (65) 94091-2979,2023-09-06 12:01:04
u_1309,maria.santos@yahoo.com.br,+55 (99) 97245-3610,
u_1310,joao.mendes@yahoo.com.br,+55 (56) 98546-1419,2023-05-15 04:09:02
u_1311,lucas.lima@hotmail.com,+55 (34) 95897-7692,2023-10-20 04:51:24
u_1312,pedro.costa@gmail.com,+55 (48) 94272-8840,
u_1313,PEDRO.MENDES@GMAIL.COM,+55 (81) 92711-4815,
u_1314,marcos.costa@uol.com.br,+55 (60) 94597-2599,
u_1315,ANA.COSTA@UOL.COM.BR,+55 (31) 99492-6756,2023-08-27 13:38:36
u_1316,camila.nunes@outlook.com,+55 (76) 94840-9519,2023-08-11 19:34:26
u_1317,carlos.souza@hotmail.com,+55 (77) 98024-2484,2023-07-13 09:44:26
u_1318,camila.oliveira@gmail.com,+55 (93) 93645-5134,2023-09-22 05:31:34
u_1319,maria.oliveira@yahoo.com.br,+55 (74) 97942-8032,
u_1320,JOAO.FERREIRA@HOTMAIL.COM,+55 (32) 94189-9525,
u_1321,patricia.rodrigues@yahoo.com.br,+55 (12) 93044-1193,
u_1322,PEDRO.NUNES@YAHOO.COM.BR,+55 (97) 90619-7968,2023-02-19 17:04:42
u_1323,julia.costa@gmail.com,+55 (45) 99036-7910,2023-11-03 14:49:48
u_1324,roberto.costa@gmail.com,+55 (37) 91315-6202,2023-06-06 02:08:42
u_1325,ana.santos@yahoo.com.br,+55 (27) 92683-6211,2023-03-30 23:52:46
u_1326,JULIA.OLIVEIRA@OUTLOOK.COM,+55 (35) 96145-2744,2023-03-09 22:01:36
u_1327,joao.oliveira@gmail.com,+55 (99) 98873-6956,
u_1328,fernanda.santos@yahoo.com.br,+55 (78) 96207-5382,2023-02-23 19:38:00
u_1329,patricia.santos@hotmail.com,+55 (59) 92343-7761,
u_1330,bruna.pereira@gmail.com,+55 (87) 92480-9722,2023-07-13 03:27:19
u_1331,PEDRO.SOUZA@UOL.COM.BR,+55 (91) 93806-8109,
u_1332,camila.pereira@uol.com.br,+55 (86) 93416-9294,
u_1333,maria.mendes@hotmail.com,+55 (50) 94766-8217,2023-05-18 16:38:33
u_1334,pedro.nunes@outlook.com,+55 (65) 97378-9588,
u_1335,carlos.alves@hotmail.com,+55 (16) 97053-5305,
u_1336,MARIA.OLIVEIRA@GMAIL.COM,+55 (68) 97266-8801,2023-09-16 14:00:24
u_1337,rafael.mendes@outlook.com,+55 (69) 98918-9783,
u_1338,lucas.nunes@outlook.com,+55 (39) 93060-2281,
u_1339,pedro.souza@yahoo.com.br,+55 (26) 95261-1347,
u_1340,roberto.rodrigues@uol.com.br,+55 (73) 95143-3189,
u_1341,fernanda.lima@hotmail.com,+55 (28) 97585-7468,
u_1342,RAFAEL.COSTA@UOL.COM.BR,+55 (12) 96336-5000,2023-05-25 17:38:46
u_1343,julia.costa@gmail.com,+55 (67) 91591-7040,
u_1344,LUCAS.SOUZA@YAHOO.COM.BR,+55 (40) 98386-2651,
u_1345,roberto.mendes@uol.com.br,+55 (35) 91660-4297,
u_1346,ANA.MENDES@GMAIL.COM,+55 (84) 95352-3337,2023-07-02 13:52:39
u_1347,MARIA.MENDES@YAHOO.COM.BR,+55 (74) 94245-8859,2023-01-31 10:59:35
u_1348,roberto.alves@outlook.com,+55 (26) 91741-2172,
u_1349,roberto.nunes@outlook.com,+55 (48) 94650-6833,
u_1350,rafael.alves@hotmail.com,+55 (58) 92734-2538,
u_1351,lucas.rodrigues@outlook.com,+55 (33) 99202-2458,2023-04-04 06:59:37
u_1352,patricia.souza@gmail.com,+55 (91) 97631-6662,2023-01-22 00:06:49
u_1353,bruna.alves@outlook.com,+55 (89) 99867-4194,2023-06-16 18:17:47
u_1354,pedro.santos@hotmail.com,+55 (25) 96673-1216,
u_1355,joao.silva@outlook.com,+55 (66) 94085-9574,
u_1356,PATRICIA.SILVA@YAHOO.COM.BR,+55 (39) 91084-1633,
u_1357,rafael.costa@yahoo.com.br,+55 (97) 92222-8625,2023-01-01 09:07:29
u_1358,pedro.lima@yahoo.com.br,+55 (59) 92792-9145,
u_1359,julia.pereira@hotmail.com,+55 (67) 93194-4636,2023-01-31 00:48:12
u_1360,bruna.rodrigues@hotmail.com,+55 (81) 94618-9162,
u_1361,ANA.MENDES@YAHOO.COM.BR,+55 (59) 93623-7085,2023-11-13 16:53:19
u_1362,rafael.oliveira@uol.com.br,+55 (47) 99682-9633,
u_1363,marcos.santos@uol.com.br,+55 (77) 94000-9701,2023-10-04 19:29:20
u_1364,maria.oliveira@uol.com.br,+55 (62) 97711-9869,2023-01-20 01:57:02
u_1365,fernanda.souza@gmail.com,+55 (44) 98473-8234,
u_1366,joao.silva@outlook.com,+55 (87) 93722-7795,
u_1367,fernanda.silva@outlook.com,+55 (95) 96774-5631,2023-03-28 05:25:56
u_1368,ROBERTO.OLIVEIRA@HOTMAIL.COM,+55 (13) 98197-1064,2023-04-06 20:07:22
u_1369,ana.pereira@yahoo.com.br,+55 (17) 95576-7808,
u_1370,bruna.nunes@outlook.com,+55 (76) 99516-3495,
u_1371,camila.mendes@gmail.com,+55 (83) 99053-2325,
u_1372,PEDRO.ALVES@HOTMAIL.COM,+55 (11) 90537-9538,
u_1373,JOAO.SOUZA@HOTMAIL.COM,+55 (13) 95440-7734,
u_1374,rafael.lima@outlook.com,+55 (14) 92094-6987,
u_1375,joao.costa@hotmail.com,+55 (33) 94011-3062,2023-03-16 02:37:27
u_1376,ANA.COSTA@HOTMAIL.COM,+55 (24) 98320-6625,
u_1377,carlos.souza@outlook.com,+55 (96) 91717-1142,2023-02-07 11:06:07
u_1378,FERNANDA.SANTOS@OUTLOOK.COM,+55 (17) 95034-6854,2023-06-16 13:21:07
u_1379,fernanda.nunes@outlook.com,+55 (66) 96897-6898,
u_1380,bruna.lima@uol.com.br,+55 (20) 92672-3904,2023-02-03 13:20:41
u_1381,julia.souza@gmail.com,+55 (19) 96445-5029,
u_1382,LUCAS.OLIVEIRA@GMAIL.COM,+55 (26) 97865-5075,
u_1383,ANA.RODRIGUES@UOL.COM.BR,+55 (44) 92648-1247,
u_1384,rafael.oliveira@gmail.com,+55 (31) 95046-1401,2023-06-10 09:11:44
u_1385,marcos.silva@outlook.com,+55 (56) 96191-2863,
u_1386,bruna.oliveira@yahoo.com.br,+55 (39) 96798-6726,2023-12-26 10:16:05
u_1387,JULIA.SANTOS@UOL.COM.BR,+55 (89) 92918-8242,2023-04-04 04:51:39
u_1388,ANA.RODRIGUES@GMAIL.COM,+55 (27) 96372-1135,2023-10-29 05:36:56
u_1389,marcos.ferreira@gmail.com,+55 (62) 99471-2668,2023-10-25 14:02:25
u_1390,lucas.silva@outlook.com,+55 (51) 90332-6849,
u_1391,rafael.ferreira@hotmail.com,+55 (49) 90944-1693,
u_1392,bruna.nunes@outlook.com,+55 (40) 98698-7660,2023-05-04 19:13:21
u_1393,camila.ferreira@hotmail.com,+55 (56) 95184-8843,2023-04-01 19:11:25
u_1394,fernanda.souza@hotmail.com,+55 (63) 99282-4317,
u_1395,julia.souza@hotmail.com,+55 (49) 97798-8961,2023-12-09 23:43:43
u_1396,MARCOS.ALVES@UOL.COM.BR,+55 (53) 96930-6960,
u_1397,camila.costa@yahoo.com.br,+55 (28) 98474-4677,
u_1398,ana.costa@gmail.com,+55 (90) 90371-2287,2023-01-10 01:42:44
u_1399,pedro.nunes@gmail.com,+55 (23) 95903-7517,
u_1400,roberto.ferreira@yahoo.com.br,+55 (19) 98914-6729,
u_1401,camila.pereira@uol.com.br,+55 (94) 96869-1933,2023-03-07 19:00:34
u_1402,RAFAEL.COSTA@GMAIL.COM,+55 (33) 92719-4906,2023-01-30 16:48:19
u_1403,maria.rodrigues@uol.com.br,+55 (82) 99716-4258,2023-11-08 08:44:01
u_1404,MARCOS.ALVES@HOTMAIL.COM,+55 (50) 91083-5601,
u_1405,joao.oliveira@outlook.com,+55 (36) 98558-8102,
u_1406,joao.oliveira@yahoo.com.br,+55 (96) 96925-2019,
u_1407,camila.oliveira@hotmail.com,+55 (18) 96244-2074,
u_1408,julia.mendes@hotmail.com,+55 (42) 97713-6187,2023-07-17 05:18:24
u_1409,ana.alves@gmail.com,+55 (78) 91164-3751,2023-01-30 16:12:09
u_1410,bruna.nunes@outlook.com,+55 (18) 91577-7342,2023-03-21 05:45:51
u_1411,marcos.silva@yahoo.com.br,+55 (34) 90339-8696,2023-03-26 11:58:17
u_1412,patricia.silva@outlook.com,+55 (97) 98704-2652,
u_1413,ana.mendes@yahoo.com.br,+55 (26) 97821-3611,
u_1414,MARCOS.FERREIRA@GMAIL.COM,+55 (46) 94987-1693,
u_1415,CARLOS.FERREIRA@UOL.COM.BR,+55 (79) 90631-8636,2023-10-28 11:10:07
u_1416,ana.costa@outlook.com,+55 (53) 95582-6212,2023-02-22 16:07:04
u_1417,camila.santos@uol.com.br,+55 (78) 98343-4280,2023-10-26 03:40:58
u_1418,MARCOS.SANTOS@UOL.COM.BR,+55 (54) 96357-3631,2023-11-22 17:34:13
u_1419,JULIA.SOUZA@GMAIL.COM,+55 (42) 96011-2154,
u_1420,maria.santos@gmail.com,+55 (87) 93038-9026,
u_1421,carlos.souza@uol.com.br,+55 (51) 98959-5812,
u_1422,maria.nunes@uol.com.br,+55 (96) 97733-4405,
u_1423,camila.souza@gmail.com,+55 (29) 99209-6136,2023-03-01 22:43:37
u_1424,roberto.alves@yahoo.com.br,+55 (66) 91700-6854,
u_1425,rafael.silva@outlook.com,+55 (38) 99024-8940,
u_1426,roberto.santos@hotmail.com,+55 (95) 97078-4593,
u_1427,patricia.nunes@outlook.com,+55 (96) 93784-6986,
u_1428,LUCAS.PEREIRA@OUTLOOK.COM,+55 (85) 94384-9425,
u_1429,carlos.pereira@outlook.com,+55 (85) 94617-5217,2023-03-21 06:26:14
u_1430,rafael.santos@hotmail.com,+55 (31) 94094-7430,2023-02-25 16:50:56
u_1431,joao.alves@outlook.com,+55 (21) 97165-6106,2023-08-26 00:40:52
u_1432,marcos.pereira@uol.com.br,+55 (58) 90552-3647,
u_1433,julia.santos@hotmail.com,+55 (60) 99287-9519,2023-08-30 18:12:35
u_1434,fernanda.santos@uol.com.br,+55 (32) 97429-2262,
u_1435,maria.nunes@hotmail.com,+55 (94) 97358-2151,2023-10-29 17:48:55
u_1436,rafael.pereira@hotmail.com,+55 (69) 93138-5200,
u_1437,marcos.santos@gmail.com,+55 (47) 97119-5091,
u_1438,MARCOS.SOUZA@HOTMAIL.COM,+55 (72) 95074-5382,
u_1439,RAFAEL.SILVA@HOTMAIL.COM,+55 (60) 91677-3604,
u_1440,joao.silva@hotmail.com,+55 (99) 94911-7041,
u_1441,bruna.nunes@yahoo.com.br,+55 (39) 96267-1384,
u_1442,patricia.lima@outlook.com,+55 (83) 96964-7373,
u_1443,fernanda.oliveira@hotmail.com,+55 (27) 95265-6486,
u_1444,ana.silva@uol.com.br,+55 (66) 92831-8635,
u_1445,fernanda.rodrigues@hotmail.com,+55 (54) 96176-8850,
u_1446,pedro.nunes@gmail.com,+55 (65) 98487-6681,2023-06-27 06:58:19
u_1447,bruna.souza@yahoo.com.br,+55 (11) 96981-1300,
u_1448,julia.mendes@uol.com.br,+55 (32) 95309-7622,
u_1449,camila.ferreira@gmail.com,+55 (91) 95260-6592,
u_1450,lucas.alves@yahoo.com.br,+55 (65) 92372-2456,
u_1451,bruna.ferreira@uol.com.br,+55 (61) 90209-5711,
u_1452,LUCAS.LIMA@YAHOO.COM.BR,+55 (91) 90453-3411,
u_1453,fernanda.pereira@yahoo.com.br,+55 (63) 92649-4057,
u_1454,marcos.nunes@hotmail.com,+55 (82) 90835-6066,
u_1455,patricia.silva@uol.com.br,+55 (54) 91719-6536,
u_1456,lucas.costa@uol.com.br,+55 (82) 99656-8717,
u_1457,roberto.lima@uol.com.br,+55 (62) 96016-8290,
u_1458,fernanda.souza@yahoo.com.br,+55 (48) 94470-8743,
u_1459,marcos.silva@gmail.com,+55 (75) 99653-7289,
u_1460,marcos.silva@hotmail.com,+55 (17) 90742-4398,2023-04-04 23:22:49
u_1461,maria.mendes@hotmail.com,+55 (18) 92130-1607,
u_1462,LUCAS.LIMA@YAHOO.COM.BR,+55 (89) 98275-7266,2023-07-01 19:38:13
u_1463,julia.oliveira@gmail.com,+55 (57) 97183-6348,2023-03-08 04:28:55
u_1464,marcos.lima@hotmail.com,+55 (22) 95875-7684,
u_1465,roberto.silva@yahoo.com.br,+55 (94) 97951-2433,
u_1466,ana.santos@hotmail.com,+55 (85) 94729-6563,
u_1467,ana.silva@uol.com.br,+55 (52) 98877-2751,2023-07-23 06:32:34
u_1468,bruna.pereira@yahoo.com.br,+55 (69) 97884-1508,
u_1469,rafael.ferreira@outlook.com,+55 (13) 98458-2731,2023-12-08 07:31:20
u_1470,CARLOS.SOUZA@YAHOO.COM.BR,+55 (34) 90491-7210,
u_1471,camila.nunes@outlook.com,+55 (82) 92724-5885,
u_1472,fernanda.rodrigues@yahoo.com.br,+55 (48) 97021-4311,
u_1473,ana.santos@hotmail.com,+55 (63) 93506-4978,2023-10-02 15:10:18
u_1474,bruna.santos@hotmail.com,+55 (37) 94915-3150,2023-09-06 21:17:15
u_1475,JULIA.LIMA@GMAIL.COM,+55 (53) 97678-8698,2023-08-08 15:29:16
u_1476,CAMILA.MENDES@GMAIL.COM,+55 (83) 91631-3881,2023-10-09 04:53:52
u_1477,fernanda.alves@gmail.com,+55 (63) 90584-8371,2023-02-04 10:00:21
u_1478,JULIA.SILVA@HOTMAIL.COM,+55 (47) 99588-2773,2023-10-09 03:28:49
u_1479,julia.ferreira@uol.com.br,+55 (63) 98147-5212,2023-07-23 08:43:29
u_1480,lucas.costa@hotmail.com,+55 (51) 95412-7058,2023-01-04 21:03:43
u_1481,ana.pereira@gmail.com,+55 (97) 90520-9000,
u_1482,BRUNA.OLIVEIRA@HOTMAIL.COM,+55 (56) 99204-8043,
u_1483,PEDRO.MENDES@GMAIL.COM,+55 (90) 91113-8140,
u_1484,patricia.souza@yahoo.com.br,+55 (84) 99343-7359,2023-05-17 11:05:54
u_1485,bruna.lima@outlook.com,+55 (80) 90667-8106,
u_1486,fernanda.costa@gmail.com,+55 (35) 95374-8561,
u_1487,maria.lima@outlook.com,+55 (74) 92892-3193,
u_1488,marcos.souza@gmail.com,+55 (31) 94798-6582,
u_1489,julia.rodrigues@yahoo.com.br,+55 (61) 99982-1316,
u_1490,marcos.alves@hotmail.com,+55 (26) 95467-7155,
u_1491,carlos.alves@hotmail.com,+55 (87) 94175-5457,
u_1492,roberto.alves@gmail.com,+55 (26) 95592-8423,
u_1493,JOAO.FERREIRA@HOTMAIL.COM,+55 (53) 93871-2475,
u_1494,fernanda.lima@hotmail.com,+55 (83) 92888-7277,
u_1495,joao.souza@gmail.com,+55 (85) 90965-2200,
u_1496,PATRICIA.SILVA@YAHOO.COM.BR,+55 (48) 97064-1486,2023-08-26 07:42:34
u_1497,roberto.santos@uol.com.br,+55 (18) 92590-3864,
u_1498,julia.rodrigues@yahoo.com.br,+55 (28) 97724-2346,2023-01-17 20:18:58
u_1499,CARLOS.NUNES@OUTLOOK.COM,+55 (53) 99970-9863,
